Names,Tc,Pc,omega,M,Vc,Zc,vd,AlowT,BlowT,ClowT,DlowT,ElowT,FlowT,GlowT,AHigT,BHigT,CHigT,DHigT,EHigT,FHigT,GHigT,Tlow,Thig,Tmed,geometry,eps_kb,sigma,mu,alpha,Zrot
H2,33.18,1300000.0,-0.216,0.0020158999999999997,6.4935e-05,0.3059927525883247,6.12,2.34433112,0.00798052075,-1.9478151e-05,2.01572094e-08,-7.37611761e-12,-917.935173,-3.20502331,3.3372792,-4.94024731e-05,4.99456778e-07,-1.79566394e-10,2.00255376e-14,-950.158922,-3.20502331,200.0,3500.0,1000.0,1,38.0,2.92,0.0,0.79,280.0
H,33.18,1300000.0,-0.216,0.001008,6.4935e-05,0.3059927525883247,2.31,2.5,7.05332819e-13,-1.99591964e-15,2.30081632e-18,-9.27732332e-22,25473.6599,-0.446682914,2.50000001,-2.30842973e-11,1.61561948e-14,-4.73515235e-18,4.98197357e-22,25473.6599,-0.446682914,200.0,3500.0,1000.0,0,145.0,2.05,0.0,0.0,0.0
O,33.18,1300000.0,-0.216,0.015999,6.4935e-05,0.3059927525883247,6.11,3.1682671,-0.00327931884,6.64306396e-06,-6.12806624e-09,2.11265971e-12,29122.2592,4.78433864,2.56942078,-8.59741137e-05,4.19484589e-08,-1.00177799e-11,1.22833691e-15,29217.5791,4.78433864,200.0,3500.0,1000.0,0,80.0,2.75,0.0,0.0,0.0
O2,154.58,5043000.0,0.0222,0.031999,7.3529e-05,0.2885091887977435,16.3,3.78245636,-0.00299673416,9.84730201e-06,-9.68129509e-09,3.24372837e-12,-1063.94356,5.45323129,3.28253784,0.00148308754,-7.57966669e-07,2.09470555e-10,-2.16717794e-14,-1088.45772,5.45323129,200.0,3500.0,1000.0,1,107.4,3.458,0.0,1.6,3.8
OH,33.18,1300000.0,-0.216,0.017007,6.4935e-05,0.3059927525883247,8.42,3.99201543,-0.00240131752,4.61793841e-06,-3.88113333e-09,1.3641147e-12,3615.08056,4.4766961,3.09288767,0.000548429716,1.26505228e-07,-8.79461556e-11,1.17412376e-14,3858.657,4.4766961,200.0,3500.0,1000.0,1,80.0,2.75,0.0,0.0,0.0
H2O,33.18,1300000.0,-0.216,0.018015,6.4935e-05,0.3059927525883247,13.1,4.19864056,-0.0020364341,6.52040211e-06,-5.48797062e-09,1.77197817e-12,-30293.7267,4.9667701,3.03399249,0.00217691804,-1.64072518e-07,-9.7041987e-11,1.68200992e-14,-30004.2971,4.9667701,200.0,3500.0,1000.0,2,572.4,2.605,1.844,0.0,4.0
HO2,33.18,1300000.0,-0.216,0.0330067,6.4935e-05,0.3059927525883247,14.53,4.30179801,-0.00474912051,2.11582891e-05,-2.42763894e-08,9.29225124e-12,294.80804,3.78510215,4.0172109,0.00223982013,-6.3365815e-07,1.1424637e-10,-1.07908535e-14,111.856713,3.78510215,200.0,3500.0,1000.0,2,107.4,3.458,0.0,0.0,1.0
H2O2,33.18,1300000.0,-0.216,0.034015000000000004,6.4935e-05,0.3059927525883247,22.42,4.27611269,-0.000542822417,1.67335701e-05,-2.15770813e-08,8.62454363e-12,-17702.5821,2.91615662,4.16500285,0.00490831694,-1.90139225e-06,3.71185986e-10,-2.87908305e-14,-17861.7877,2.91615662,200.0,3500.0,1000.0,2,107.4,3.458,0.0,0.0,3.8
C,33.18,1300000.0,-0.216,0.012010999999999999,6.4935e-05,0.3059927525883247,15.9,2.55423955,-0.000321537724,7.33792245e-07,-7.32234889e-10,2.66521446e-13,85443.8832,4.80150373,2.49266888,4.79889284e-05,-7.2433502e-08,3.74291029e-11,-4.87277893e-15,85451.2953,4.80150373,200.0,3500.0,1000.0,0,71.4,3.298,0.0,0.0,0.0
CH,33.18,1300000.0,-0.216,0.013019000000000001,6.4935e-05,0.3059927525883247,18.21,3.48981665,0.000323835541,-1.68899065e-06,3.16217327e-09,-1.40609067e-12,70797.2934,5.48497999,2.87846473,0.000970913681,1.44445655e-07,-1.30687849e-10,1.76079383e-14,71012.4364,5.48497999,200.0,3500.0,1000.0,1,80.0,2.75,0.0,0.0,0.0
CH2,33.18,1300000.0,-0.216,0.014027,6.4935e-05,0.3059927525883247,20.52,3.76267867,0.000968872143,2.79489841e-06,-3.85091153e-09,1.68741719e-12,46004.0401,6.17119324,2.87410113,0.00365639292,-1.40894597e-06,2.60179549e-10,-1.87727567e-14,46263.604,6.17119324,200.0,3500.0,1000.0,1,144.0,3.8,0.0,0.0,0.0
CH2(S),33.18,1300000.0,-0.216,0.014027,6.4935e-05,0.3059927525883247,20.52,4.19860411,-0.00236661419,8.2329622e-06,-6.68815981e-09,1.94314737e-12,50496.8163,8.62650169,2.29203842,0.00465588637,-2.01191947e-06,4.17906e-10,-3.39716365e-14,50925.9997,8.62650169,200.0,3500.0,1000.0,1,144.0,3.8,0.0,0.0,0.0
CH3,33.18,1300000.0,-0.216,0.015035,6.4935e-05,0.3059927525883247,22.82,3.6735904,0.00201095175,5.73021856e-06,-6.87117425e-09,2.54385734e-12,16444.9988,8.48007179,2.28571772,0.00723990037,-2.98714348e-06,5.95684644e-10,-4.67154394e-14,16775.5843,8.48007179,200.0,3500.0,1000.0,1,144.0,3.8,0.0,0.0,0.0
CH4,33.18,1300000.0,-0.216,0.016042999999999998,6.4935e-05,0.3059927525883247,25.14,5.14987613,-0.0136709788,4.91800599e-05,-4.84743026e-08,1.66693956e-11,-10246.6476,18.437318,0.074851495,0.0133909467,-5.73285809e-06,1.22292535e-09,-1.0181523e-13,-9468.34459,18.437318,200.0,3500.0,1000.0,2,141.4,3.746,0.0,2.6,13.0
CO,33.18,1300000.0,-0.216,0.028,6.4935e-05,0.3059927525883247,22.01,3.57953347,-0.00061035368,1.01681433e-06,9.07005884e-10,-9.04424499e-13,-14344.086,7.81868772,2.71518561,0.00206252743,-9.98825771e-07,2.30053008e-10,-2.03647716e-14,-14151.8724,7.81868772,200.0,3500.0,1000.0,1,98.1,3.65,0.0,1.95,1.8
CO2,33.18,1300000.0,-0.216,0.044,6.4935e-05,0.3059927525883247,28.12,2.35677352,0.00898459677,-7.12356269e-06,2.45919022e-09,-1.43699548e-13,-48371.9697,2.27163806,3.85746029,0.00441437026,-2.21481404e-06,5.23490188e-10,-4.72084164e-14,-48759.166,2.27163806,200.0,3500.0,1000.0,1,244.0,3.763,0.0,2.65,2.1
HCO,33.18,1300000.0,-0.216,0.0290188,6.4935e-05,0.3059927525883247,24.32,4.22118584,-0.00324392532,1.37799446e-05,-1.33144093e-08,4.33768865e-12,3839.56496,9.79834492,2.77217438,0.00495695526,-2.48445613e-06,5.89161778e-10,-5.33508711e-14,4011.91815,9.79834492,200.0,3500.0,1000.0,2,498.0,3.59,0.0,0.0,0.0
CH2O,33.18,1300000.0,-0.216,0.030031,6.4935e-05,0.3059927525883247,26.63,4.79372315,-0.00990833369,3.73220008e-05,-3.79285261e-08,1.31772652e-11,-14308.9567,13.656323,1.76069008,0.00920000082,-4.42258813e-06,1.00641212e-09,-8.8385564e-14,-13995.8323,13.656323,200.0,3500.0,1000.0,2,498.0,3.59,0.0,0.0,2.0
CH2OH,33.18,1300000.0,-0.216,0.031034,6.4935e-05,0.3059927525883247,28.94,3.86388918,0.00559672304,5.93271791e-06,-1.04532012e-08,4.36967278e-12,-3193.91367,5.81043215,3.69266569,0.00864576797,-3.7510112e-06,7.87234636e-10,-6.48554201e-14,-3242.50627,5.81043215,200.0,3500.0,1000.0,2,417.0,3.69,1.7,0.0,2.0
CH3O,33.18,1300000.0,-0.216,0.031034,6.4935e-05,0.3059927525883247,28.94,2.106204,0.007216595,5.338472e-06,-7.377636e-09,2.07561e-12,978.6011,2.929575,3.770799,0.007871497,-2.656384e-06,3.944431e-10,-2.112616e-14,127.83252,2.929575,300.0,3000.0,1000.0,2,417.0,3.69,1.7,0.0,2.0
CH3OH,33.18,1300000.0,-0.216,0.032042,6.4935e-05,0.3059927525883247,0.0,5.71539582,-0.0152309129,6.52441155e-05,-7.10806889e-08,2.61352698e-11,-25642.7656,14.5023623,1.78970791,0.0140938292,-6.36500835e-06,1.38171085e-09,-1.1706022e-13,-25374.8747,14.5023623,200.0,3500.0,1000.0,2,481.8,3.626,0.0,0.0,1.0
C2H,33.18,1300000.0,-0.216,0.02503,6.4935e-05,0.3059927525883247,20.52,2.88965733,0.0134099611,-2.84769501e-05,2.94791045e-08,-1.09331511e-11,66839.3932,6.63589475,3.16780652,0.00475221902,-1.83787077e-06,3.04190252e-10,-1.7723277e-14,67121.065,6.63589475,200.0,3500.0,1000.0,1,209.0,4.1,0.0,0.0,2.5
C2H2,33.18,1300000.0,-0.216,0.026038000000000002,6.4935e-05,0.3059927525883247,36.42,0.808681094,0.0233615629,-3.55171815e-05,2.80152437e-08,-8.50072974e-12,26428.9807,-1.23028121,4.14756964,0.00596166664,-2.37294852e-06,4.67412171e-10,-3.61235213e-14,25935.9992,-1.23028121,200.0,3500.0,1000.0,1,209.0,4.1,0.0,0.0,2.5
C2H3,33.18,1300000.0,-0.216,0.027046,6.4935e-05,0.3059927525883247,38.73,3.21246645,0.00151479162,2.59209412e-05,-3.57657847e-08,1.47150873e-11,34859.8468,7.78732378,3.016724,0.0103302292,-4.68082349e-06,1.01763288e-09,-8.62607041e-14,34612.8739,7.78732378,200.0,3500.0,1000.0,2,209.0,4.1,0.0,0.0,1.0
C2H4,33.18,1300000.0,-0.216,0.028054,6.4935e-05,0.3059927525883247,41.04,3.95920148,-0.00757052247,5.70990292e-05,-6.91588753e-08,2.69884373e-11,5089.77593,10.3053693,2.03611116,0.0146454151,-6.71077915e-06,1.47222923e-09,-1.25706061e-13,4939.88614,10.3053693,200.0,3500.0,1000.0,2,280.8,3.971,0.0,0.0,1.5
C2H5,33.18,1300000.0,-0.216,0.029062,6.4935e-05,0.3059927525883247,43.35,4.30646568,-0.00418658892,4.97142807e-05,-5.99126606e-08,2.30509004e-11,12841.6265,13.4624343,1.95465642,0.0173972722,-7.98206668e-06,1.75217689e-09,-1.49641576e-13,12857.52,13.4624343,200.0,3500.0,1000.0,2,252.3,4.302,0.0,0.0,1.5
C2H6,33.18,1300000.0,-0.216,0.030007000000000002,6.4935e-05,0.3059927525883247,45.66,4.29142492,-0.0055015427,5.99438288e-05,-7.08466285e-08,2.68685771e-11,-11522.2055,15.1156107,1.0718815,0.0216852677,-1.00256067e-05,2.21412001e-09,-1.9000289e-13,-11426.3932,15.1156107,200.0,3500.0,1000.0,2,252.3,4.302,0.0,0.0,1.5
HCCO,33.18,1300000.0,-0.216,0.041029,6.4935e-05,0.3059927525883247,0.0,2.2517214,0.017655021,-2.3729101e-05,1.7275759e-08,-5.0664811e-12,20059.449,-3.9302595,5.6282058,0.0040853401,-1.5934547e-06,2.8626052e-10,-1.9407832e-14,19327.215,-3.9302595,300.0,4000.0,1000.0,2,150.0,2.5,0.0,0.0,1.0
CH2CO,33.18,1300000.0,-0.216,0.042037,6.4935e-05,0.3059927525883247,0.0,2.1358363,0.0181188721,-1.73947474e-05,9.34397568e-09,-2.01457615e-12,-7042.91804,0.632247205,4.51129732,0.00900359745,-4.16939635e-06,9.23345882e-10,-7.94838201e-14,-7551.05311,0.632247205,200.0,3500.0,1000.0,2,436.0,3.97,0.0,0.0,2.0
HCCOH,33.18,1300000.0,-0.216,0.042037,6.4935e-05,0.3059927525883247,0.0,1.2423733,0.031072201,-5.0866864e-05,4.3137131e-08,-1.4014594e-11,8031.6143,-7.6017742,5.9238291,0.00679236,-2.5658564e-06,4.4987841e-10,-2.9940101e-14,7264.626,-7.6017742,300.0,5000.0,1000.0,2,436.0,3.97,0.0,0.0,2.0
CH3O2,33.18,1300000.0,-0.216,0.047033000000000005,6.4935e-05,0.3059927525883247,0.0,4.26146906,0.0100873599,-3.21506184e-06,2.09409267e-10,4.18339103e-14,-684.394259,-4.71963886,5.95787891,0.00790728626,-2.68246234e-06,4.13891337e-10,-2.3900733e-14,-1535.74838,-4.71963886,300.0,5000.0,1385.0,2,481.8,3.626,0.0,0.0,1.0
CH3O2H,33.18,1300000.0,-0.216,0.048041,6.4935e-05,0.3059927525883247,0.0,3.23442817,0.0190129767,-1.13386287e-05,3.40306653e-09,-4.11830222e-13,-17719.7926,-19.1170629,8.43117091,0.00806817909,-2.77094921e-06,4.31332243e-10,-2.50692146e-14,-19667.8771,-19.1170629,300.0,5000.0,1390.0,2,481.8,3.626,0.0,0.0,1.0
C2H5O,33.18,1300000.0,-0.216,0.045061000000000004,6.4935e-05,0.3059927525883247,0.0,0.494420708,0.0271774434,-1.6590901e-05,5.152042e-09,-6.48496915e-13,-3352.52925,-17.341679,7.87339772,0.0113072907,-3.84421421e-06,5.94414105e-10,-3.43894538e-14,-6072.74953,-17.341679,300.0,5000.0,1389.0,2,470.6,4.41,0.0,0.0,1.5
C2H5O2,33.18,1300000.0,-0.216,0.06106,6.4935e-05,0.3059927525883247,0.0,2.26846188,0.0276942578,-1.70804106e-05,5.87951878e-09,-9.20899069e-13,-5038.80758,-23.061302,9.48696023,0.0124472545,-4.32161576e-06,6.77583033e-10,-3.95784568e-14,-7824.81795,-23.061302,300.0,5000.0,1382.0,2,470.6,4.41,0.0,0.0,1.5
C2H5O2H,33.18,1300000.0,-0.216,0.062068,6.4935e-05,0.3059927525883247,0.0,1.29970294,0.036548842,-2.52808875e-05,9.19746803e-09,-1.41362233e-12,-21886.6647,-37.3382394,11.9442992,0.0126271597,-4.41776755e-06,6.96327353e-10,-4.08268961e-14,-25740.8634,-37.3382394,300.0,5000.0,1383.0,2,470.6,4.41,0.0,0.0,1.5
AR,33.18,1300000.0,-0.216,0.039948000000000004,6.4935e-05,0.3059927525883247,0.0,2.5,0.0,0.0,0.0,0.0,-745.375,4.366,2.5,0.0,0.0,0.0,0.0,-745.375,4.366,300.0,5000.0,1000.0,0,136.5,3.33,0.0,0.0,0.0
N2,33.18,1300000.0,-0.216,0.028013000000000003,6.4935e-05,0.3059927525883247,18.5,3.298677,0.0014082404,-3.963222e-06,5.641515e-09,-2.444854e-12,-1020.8999,5.980528,2.92664,0.0014879768,-5.68476e-07,1.0097038e-10,-6.753351e-15,-922.7977,5.980528,300.0,5000.0,1000.0,1,97.53,3.621,0.0,1.76,4.0
